,CN: Outward Direct Investment: ytd,CN: Industrial Enterprise: State Holding: No of Enterprise,CN: Industrial Enterprise: State Holding: Product Inventory,CN: Industrial Enterprise: State Holding: Asset,CN: Industrial Enterprise: State Holding: Sales Revenue: ytd,CN: Industrial Enterprise: State Holding: Profit: ytd,CN: Industrial Enterprise: State Holding: Principal Business Profit: ytd,CN: Industrial Enterprise: State Holding: Asset Contribution Ratio,CN: Industrial Enterprise: State Holding: Liabilities to Asset Ratio,CN: Industrial Enterprise: State Holding: Current Asset Turnover Ratio,CN: Industrial Enterprise: State Holding: Profit to Costs Ratio: ytd,CN: Industrial Enterprise: State Holding: Capital Increment Ratio,CN: Industrial Enterprise: State Holding: YoY: Product Inventory,CN: Industrial Enterprise: State Holding: YoY: Sales Revenue: ytd,CN: Industrial Enterprise: State Holding: YoY: Asset,CN: Industrial Enterprise: State Holding: YoY: Profit: ytd,CN: Industrial Enterprise: State Holding: YoY: Principal Business Profit: ytd
Region,China,China,China,China,China,China,China,China,China,China,China,China,China,China,China,China,China
Subnational,,,,,,,,,,,,,,,,,
Frequency,"Quarterly, ending ""Mar, June, Sep, Dec""",Monthly,Monthly,Monthly,Monthly,Monthly,Monthly,Monthly,Monthly,Monthly,Monthly,Monthly,Monthly,Monthly,Monthly,Monthly,Monthly
Unit,USD mn,Unit,RMB bn,RMB bn,RMB bn,RMB bn,RMB bn,%,%,%,%,%,%,%,%,%,%
Source,Ministry of Commerce,National Bureau of Statistics,National Bureau of Statistics,National Bureau of Statistics,National Bureau of Statistics,National Bureau of Statistics,National Bureau of Statistics,National Bureau of Statistics,National Bureau of Statistics,National Bureau of Statistics,National Bureau of Statistics,National Bureau of Statistics,National Bureau of Statistics,National Bureau of Statistics,National Bureau of Statistics,National Bureau of Statistics,National Bureau of Statistics
Status,Active,Active,Active,Active,Active,Active,Active,Active,Active,Active,Active,Active,Active,Active,Active,Active,Active
Series ID,259798001 (COCJID),8039001 (COTAAA),8039201 (COTABA),8039601 (COTADA),8044101 (COTAFA),8048601 (COTAHA),289753804 (COBMZI),8053101 (COTAJA),8053301 (COTAKA),8053501 (COTALA),8053701 (COTAMA),8053901 (COTANA),8039401 (COTACA),8048401 (COTAGA),8043901 (COTAEA),8052901 (COTAIA),289754704 (COBMZR)
SR Code,SR4602113,SR676794,SR676795,SR676796,SR676797,SR676798,SR6855702,SR676799,SR676800,SR676801,SR676802,SR676803,SR676805,SR676806,SR676807,SR676808,SR6855704
Mnemonic,,,,,,,,,,,,,,,,,
Function Description,,,,,,,,,,,,,,,,,
First Obs. Date,Dec-08,Jan-99,Jan-99,Jan-99,Jan-99,Jan-99,Jan-01,Jan-99,Jan-99,Jan-99,Jan-99,Jan-99,Jan-99,Jan-99,Jan-99,Jun-99,May-13
Last Obs. Date,Dec-20,Dec-20,Dec-20,Dec-20,Dec-20,Dec-20,Dec-14,Oct-15,Dec-20,Oct-15,Oct-15,Oct-15,Dec-20,Dec-20,Dec-20,Dec-20,Dec-14
Last Update Time,21/01/2021,28/01/2021,28/01/2021,28/01/2021,27/01/2021,27/01/2021,15/04/2020,25/11/2020,28/01/2021,25/11/2020,25/11/2020,25/11/2020,28/01/2021,27/01/2021,28/01/2021,27/01/2021,15/04/2020
Series remarks,,,,,"Starting from 2019, sales revenue includes income from principal and other business.

从2019年起，营业收入包括营业收入和其他业务收入。",,,,,,,,,"Starting from 2019, sales revenue includes income from principal and other business.

从2019年起，营业收入包括营业收入和其他业务收入。",,,
Suggestions,,,,,,,,,,,,,,,,,
Mean,78917.25416,27438.42083,618.0497912,24381.22598,8824.095604,542.5603917,414.9923929,12.38579268,60.07918457,1.717621951,6.392865854,109.5958025,6.44559322,11.21088983,8.702754237,37.37385281,-0.565
Variance,2286391412,169172539,65455.77124,204642620.1,56091428.57,221226.9867,114778.6327,24.23426378,3.379701366,0.135896764,4.56211873,6.296097799,59.13250816,136.2326915,12.963106,10382.29517,21.71607895
Standard Deviation,47816.22541,13006.63442,255.8432552,14305.33537,7489.42111,470.3477296,338.7899536,4.922830871,1.838396412,0.368641783,2.135911686,2.509202622,7.689766457,11.67187609,3.600431363,101.8935482,4.660051389
Skewness,0.650422204,1.191353619,0.017063039,0.185172235,0.902743651,0.881013237,0.937944782,1.453045425,-0.237879073,-0.356114182,-0.797086521,0.448047098,0.45139181,0.063127845,0.823282127,4.689308885,-0.879202115
Kurtosis,-0.308674487,0.03128556,-1.808029086,-1.580532705,-0.330877535,-0.239925308,-0.12913501,1.576089713,-0.780572639,-1.134266654,0.584697815,4.590727093,0.03100716,-0.410508217,-0.223208713,27.93141909,0.545381373
Coefficient Variation,0.605903309,0.474029993,0.413952498,0.586735687,0.848746596,0.866903919,0.816376299,0.397457878,0.030599557,0.214623353,0.334108635,0.022895061,1.193026956,1.041119507,0.413711713,2.726332464,-8.247878564
Min,14452,16036,294.02,6919.83,445.545,0.945,15.993,5.72,56.24168398,0.98,0.16,98.23,-9.52,-12.37,3.4,-59.17,-12.3
Max,196149.43,61301,981.69,47937.93,29075.393,1928.472,1311.726,25.54,64.34,2.39,10.33,118.07,28.15,45.87,18.41,766.49,6.4
Median,68811.31,20163,624.458,24318.446,5780.6425,391.625,302.5155,12.145,60.38361425,1.78,6.44,109.3,5.345,9.98,7.74,14,0.4
No. of Obs,29,240,240,240,240,240,140,164,240,164,164,162,236,236,236,231,20
Jan-99,,55223,342.51,6919.83,445.545,0.945,,10.8,64.05,0.98,0.22,105.67,4.84,6.43,7.76,,
Feb-99,,55223,342.51,6919.83,445.545,0.945,,10.8,64.05,0.98,0.22,105.67,4.84,6.43,7.76,,
Mar-99,,57053,358.702,7232.803,732.828,1.152,,5.72,63.83,1.03,0.16,107.18,2.45,7.53,8.6,,
Apr-99,,57476,366.612,7262.564,999.938,5.507,,5.86,64.34,1.05,0.57,98.23,2.45,5.68,4.33,,
May-99,,57684,372.478,7417.08,1314.4,13.097,,6.19,63.97,1.08,1.03,107.41,2.21,5.64,7.42,,
Jun-99,,57819,367.484,7428.348,1605.523,24.309,,6.52,63.85,1.1,1.58,107.8,1.05,5.46,7.48,280.61,
Jul-99,,57469,365.189,7353.942,1854.978,29.898,,6.51,63.16,1.1,1.67,106.82,0.7,5.7,6.91,280.61,
Aug-99,,57543,362.52,7443.037,2125.627,36.914,,6.53,62.86,1.1,1.8,107.07,0.59,6.11,6.7,228.59,
Sep-99,,57766,362.896,7566.265,2470.449,48.911,,6.74,62.56,1.12,2.07,108.07,0.41,7.25,6.74,148.66,
Oct-99,,57531,363.207,7611.655,2774.938,61.182,,6.87,62.58,1.12,2.31,107.13,0.53,7.58,6.73,114.13,
Nov-99,,57605,364.588,7653.629,3116.106,76.508,,6.99,62.68,1.14,2.57,107.66,1.11,8.05,6.71,101.25,
Dec-99,,61301,344.133,8047.169,3595.07,99.786,,7.24,61.98166088,1.18,2.9,108.43,2.22,7.68,6.67,77.66,
Jan-00,,55291,344.795,7733.71,548.389,15.574,,6.51,61.98,1.12,3.01,110.09,-0.17,18.99,7.43,766.49,
Feb-00,,55291,344.795,7733.71,548.389,15.574,,6.51,61.98,1.12,3.01,110.09,-0.17,18.99,7.43,766.49,
Mar-00,,55522,350.867,7951.42,893.562,27.28,,7.03,62.19,1.18,3.25,109.77,-0.94,19.02,7.33,662.08,
Apr-00,,55711,351.536,7986.044,1212.577,43.969,,7.32,62.05,1.2,3.86,110.64,-2.42,18.31,7.82,349.71,
May-00,,55619,352.503,8060.172,1579.853,69.2,,7.9,62.44,1.23,4.68,110.75,-3.2,20.65,8.49,306.46,
Jun-00,,54766,349.263,8123.393,1916.815,90.306,,8.07,62.32,1.23,5.05,110.94,-2.34,20.59,8.68,205.89,
Jul-00,,54641,355.67,8153.883,2294.197,113.213,,8.19,62.24,1.26,5.32,110.61,-1.5,20.93,8.4,194.63,
Aug-00,,54673,361.459,8221.334,2654.129,136.931,,8.31,62.13,1.27,5.57,110.75,-0.43,21.34,8.57,185.55,
Sep-00,,54596,356.548,8251.87,3022.723,160.929,,8.43,62.03,1.28,5.74,110.96,-0.15,21.46,8.63,170.02,
Oct-00,,54488,359.136,8302.503,3394.714,183.865,,8.5,61.78,1.28,5.84,110.74,0.64,21.95,8.51,156.42,
Nov-00,,54431,358.216,8339.524,3768.335,208.329,,8.53,61.87,1.29,5.99,110.44,0.49,21.41,8.3,141.08,
Dec-00,,53489,324.200895,8401.494,4220.312,240.833,,8.74,60.98868844,1.33,6.14,109.97,2.99,20.46,7.76,135.62,
Jan-01,,46613,331.108,8141.929,609.05,26.098,19.471,7.66,60.38361425,1.17,4.6,109.52,0.6,12.67,7.36,62.25,
Feb-01,,46613,331.108,8141.929,609.05,26.098,19.471,7.66,60.38361425,1.17,4.6,109.52,0.6,12.67,7.36,62.25,
Mar-01,,47308,340.527,8246.454,977.9,47.081,36.19,8.14,60.15421901,1.23,5.18,110.63,3.38,12.75,6.92,58.63,
Apr-01,,47479,339.462,8345.982,1346.101,66.587,57.522,8.09,60.02699263,1.25,5.34,111.2,2.4,12.64,7.14,39.1,
May-01,,47765,341.606,8412.296,1720.573,90.517,76.041,8.31,60.27919132,1.26,5.68,111.26,3.06,11.78,6.89,31.48,
Jun-01,,48168,346.127,8447.825,2104.777,115.369,101.563,8.5,60.41307674,1.28,5.94,110.38,4.4,10.92,6.86,25.06,
Jul-01,,48101,347.205,8441.273,2449.706,134.393,110.541,8.43,60.51487732,1.28,5.93,109.54,4.12,9.96,6.4,19.41,
Aug-01,,48337,348.676,8541.482,2840.361,155.554,131.105,8.48,60.49858795,1.29,5.92,109.54,2.81,9.76,6.55,13.67,
Sep-01,,48330,345.763,8583.584,3215.093,173.718,145.374,8.46,60.38657046,1.29,5.84,109.63,1.44,8.42,6.36,8.42,
Oct-01,,48374,349.285,8620.355,3587.017,190.52,163.176,8.41,60.38482174,1.29,5.74,108.82,1.53,7.84,6.14,2.06,
Nov-01,,48094,348.568,8672.349,3960.836,207.603,172.074,8.31,60.22628932,1.29,5.65,108.95,0.81,7.12,6.1,-1.58,
Dec-01,,46767,313.286,8790.154,4444.352,238.856,182.445,8.42,59.18622131,1.34,5.65,111.62,1.6,7.18,7.44,-1.38,
Jan-02,,41892,310.435,8336.939,618.242,17.02,15.993,6.88,58.85533048,1.17,2.94,109.65,-0.96,4.18,6.76,-36.12,
Feb-02,,41892,310.435,8336.939,618.242,17.02,15.993,6.88,58.85533048,1.17,2.94,109.65,-0.96,4.18,6.76,-36.12,
Mar-02,,42624,322.887,8530.272,1011.691,33.708,28.022,7.43,59.74441378,1.24,3.55,107.69,-1.76,4.71,6.57,-30.08,
Apr-02,,42889,324.693,8637.057,1410.285,55.378,45.571,7.84,59.52673463,1.28,4.2,108.15,-1.49,5.57,6.57,-20.35,
May-02,,42843,326.209,8652.017,1807.738,80.744,68.743,8.16,59.89799835,1.3,4.81,106.59,-0.92,6.62,5.75,-12.88,
Jun-02,,42932,329.951,8734.095,2230.877,105.997,94.302,8.4,59.89660062,1.33,5.13,107.59,-0.4,7.27,6.07,-11.19,
Jul-02,,42961,326.705,8751.914,2629.622,129.31,107.998,8.47,59.76146475,1.34,5.3,107.75,-1.99,8.01,5.7,-6.71,
Aug-02,,42930,326.27,8816.906,3042.223,152.612,130.494,8.53,59.73661282,1.35,5.42,107.7,-2.03,8.75,5.55,-4.1,
Sep-02,,42625,321.007,8849.086,3467.976,178.094,150.276,8.71,59.69468485,1.36,5.55,107.42,-2.81,9.61,5.58,0.9,
Oct-02,,42661,321.767,8906.385,3894.242,205.641,172.234,8.8,59.60067974,1.37,5.71,108.19,-2.82,10.4,5.84,6,
Nov-02,,42724,326.682,8970.685,4340.751,232.693,194.598,8.87,59.43785787,1.39,5.8,108.94,-2.24,11.24,6.34,10.21,
Dec-02,,41125,301.605,8909.46,4784.421,263.294,224.657,8.99,59.30446963,1.43,5.89,107.18,0.16,11.64,6.19,15.29,
Jan-03,,36708,296.22,8697.608,811.059,54.996,55.779,20.34,58.58978699,1.47,7.56,108.63,1.5,30.91,6.29,197.63,
Feb-03,,36708,296.22,8697.608,811.059,54.996,55.779,20.34,58.58978699,1.47,7.56,108.63,1.5,30.91,6.29,197.63,
Mar-03,,37131,306.118,8806.812,1271.781,87.871,85.582,10.43,59.06846882,1.51,7.67,109.02,2.65,29.27,7.37,156.73,
Apr-03,,37156,313.755,8843.695,1734.565,121.73,114.916,10.55,59.79478035,1.53,7.77,107.6,5.39,26.65,7.37,115.66,
May-03,,37043,316.716,8941.882,2194.623,153.262,139.223,10.45,59.65719521,1.54,7.7,108.26,5.29,25.15,7.72,89.89,
Jun-03,,37193,316.455,9018.405,2689.8,186.024,181.271,10.51,59.52701171,1.56,7.66,108.1,4.07,24.38,7.81,77.37,
Jul-03,,37051,317.203,9085.678,3170.182,218.146,209.083,10.49,59.65510774,1.56,7.6,108.5,4.76,24.7,8.3,69.45,
Aug-03,,36977,319.827,9167.276,3657.429,253.747,237.713,10.54,59.61025936,1.56,7.66,108.39,5.26,24.49,8.4,66.57,
Sep-03,,37028,317.14,9367.277,4157.673,286.237,266.691,10.48,59.59404211,1.56,7.59,108.89,5.14,23.81,8.79,60.84,
Oct-03,,37000,320.91,9453.709,4667.137,317.465,301.071,10.44,59.59224046,1.56,7.5,108.76,5.6,23.57,9.15,53.96,
Nov-03,,36791,324.327,9521.35,5187.397,347.437,328.81,10.42,59.62887616,1.57,7.37,108.89,5.51,23.45,9.13,49.66,
Dec-03,,34280,294.02,9451.979,5802.715,383.62,355.358,10.41,59.23683284,1.62,7.15,108.24,6.73,23.5,9.17,45.21,
Jan-04,,31552,301.315,9260.713,965.135,78.516,77.599,12,58.41938952,1.65,9.18,108.89,9.25,22.36,9.59,37.89,
Feb-04,,31552,301.315,9260.713,965.135,78.516,77.599,12,58.41938952,1.65,9.18,108.89,9.25,22.36,9.59,37.89,
Mar-04,,31701,310.927,9450.211,1553.887,123.521,122.676,12.26,58.5131168,1.72,8.92,109.71,10.56,25.42,10.1,41.43,
Apr-04,,31570,326.405,9538.297,2127.64,173.217,170.64,12.4,58.93757554,1.74,9.14,110.49,12.22,26.46,10.68,42.75,
May-04,,31600,331.082,9625.217,2694.512,216.144,212.071,12.28,59.1208593,1.74,8.99,109.96,13,26.47,10.73,41.66,
Jun-04,,31706,334.139,9689.458,3297.075,261.473,252.729,12.24,58.89057984,1.76,8.86,110.5,13.9,26.44,10.64,42.64,
Jul-04,,31669,335.375,9812.193,3865.056,305.188,291.827,12.19,59.02986213,1.76,8.81,110.59,13.39,26.14,10.88,40.9,
Aug-04,,31453,339.779,9855.877,4461.617,351.264,332.898,12.22,59.37991109,1.77,8.77,109.68,15.24,26.06,10.45,39.98,
Sep-04,,31626,341.917,9934.911,5091.146,401.475,381.913,12.33,59.36585642,1.78,8.79,109.65,15.76,26.48,10.31,42.65,
Oct-04,,31590,346.898,10013.468,5726.091,448.758,432.893,12.34,59.56020432,1.79,8.73,109.98,16.66,26.8,10.7,43.58,
Nov-04,,31682,358.73,10127.813,6375.879,494.447,484.198,12.3,59.59024915,1.8,8.64,108.98,17.76,26.68,10.45,43.87,
Dec-04,,35597,302.598,10970.825,7143.099,545.31,504.437,12.19,56.51880328,1.86,8.23,108.76,17.98,25.97,10.17,42.52,
Jan-05,,27421,337.974,10267.534,1162.564,86.401,89.377,24.11,57.91424698,1.78,8.34,110.68,15.79,20.96,11.25,14,
Feb-05,,27421,337.974,10267.534,1162.564,86.401,89.377,24.11,57.91424698,1.78,8.34,110.68,15.79,20.96,11.25,14,
Mar-05,,28160,345.581,10876.909,1854.664,144.307,142.525,12.32,56.28671712,1.86,8.7,108.52,13.6,20.2,10.37,18.03,
Apr-05,,28271,349.241,11082.716,2568.001,200.116,194.496,12.49,56.68716044,1.88,8.69,108.94,13.45,20.29,10.95,14.05,
May-05,,28615,356.313,11254.871,3265.98,249.118,244.193,12.35,56.96450897,1.9,8.48,109.2,12.52,21.13,11.33,13.57,
Jun-05,,29364,358.571,11406.968,4006.344,309.868,294.067,12.5,57.21867546,1.92,8.58,108.77,11.67,21.27,11.54,16.74,
Jul-05,,29421,356.699,11453.483,4707.328,366.045,345.602,12.48,57.56544974,1.92,8.63,108.21,9.89,21.97,11.37,18.49,
Aug-05,,29413,362.218,11579.913,5447.59,425.194,403.574,12.56,57.33941179,1.93,8.66,108.61,10.28,22.29,11.41,18.75,
Sep-05,,29467,366.681,11715.983,6198.411,481.039,461.579,12.56,57.38723759,1.93,8.62,109.07,10.57,21.81,11.74,17.36,
Oct-05,,29451,374.304,11799.27,6936.879,529.523,501.991,12.51,57.4889633,1.94,8.46,108.79,11.38,21.25,11.57,15.64,
Nov-05,,29358,380.144,11926.335,7694.246,579.114,547.109,12.42,57.53084246,1.95,8.33,108.76,8.53,20.92,11.84,14.83,
Dec-05,,27477,327.808,11762.961,8557.418,651.975,595.956,12.52,56.66394711,2.02,8.28,108.71,10.26,20.53,11.36,17.4,
Jan-06,,26175,355.179,11741.251,1364.439,99.295,102.346,11.94,56.44688117,1.94,8.13,110.66,10.41,18.04,12.4,13.51,
Feb-06,,26175,355.179,11741.251,1364.439,99.295,102.346,11.94,56.44688117,1.94,8.13,110.66,10.41,18.04,12.4,13.51,
Mar-06,,25862,354.209,11917.636,2155.922,158.417,158.073,12.32,56.62724554,2.01,8.19,111.15,7.8,18.04,11.86,9.21,
Apr-06,,25725,358.226,12064.2,2952.792,219.362,210.77,12.43,56.9911971,2.04,8.25,111.29,8.51,18.84,11.96,11.5,
May-06,,25907,364.957,12203.969,3772.818,284.87,272.861,12.68,57.5603314,2.06,8.39,109.74,8.29,19.46,11.5,15.25,
Jun-06,,25930,369.752,12309.316,4648.575,364.195,341.926,13.08,57.69439992,2.1,8.71,109.82,10.45,20.17,11.5,18.55,
Jul-06,,25938,379.626,12423.452,5475.741,432.621,406.426,13.15,57.70356741,2.11,8.79,110.31,12.89,20.14,11.42,19.35,
Aug-06,,25967,386.081,12621.569,6361.839,508.581,481.105,13.31,57.87863617,2.12,8.91,110.95,13.11,20.16,12.21,19.73,
Sep-06,,25973,383.713,12766.464,7255.29,577.844,538.585,13.37,57.76759328,2.13,8.86,111.16,11.85,20.33,11.95,20.11,
Oct-06,,26006,396.493,12903.444,8103.953,645.521,604.115,13.34,57.6288625,2.12,8.86,112.34,12.88,20.35,12.74,22.04,
Nov-06,,26005,408.058,13209.214,9002.444,721.241,669.997,13.3,57.32254016,2.12,8.91,112.11,13.45,20.43,12.78,23.92,
Dec-06,,24961,363.09,13515.335,10140.462,848.546,739.592,13.43,56.24168398,2.19,8.88,112.74,15.21,20.43,13.36,27.04,
Jan-07,,22393,388.164,13291.179,1633.483,139.023,136.579,13.79,56.47690096,2.13,9.63,113.74,13.98,23.74,14.43,49.32,
Feb-07,,22393,388.164,13291.179,1633.483,139.023,136.579,13.79,56.47690096,2.13,9.63,113.74,13.98,23.74,14.43,49.32,
May-07,,20766,418.641,14070.114,4569.893,419.288,383.971,14.78,56.49403409,2.24,10.33,115.11,18.96,21.76,14.83,42.3,
Aug-07,,20910,432.516,14738.664,7674.985,680.651,626.378,14.64,57.44711325,2.25,9.94,116.1,14.77,21.02,16.07,31.01,
Nov-07,,21067,452.879,15539.189,10929.776,966.145,864.735,14.7,57.47823776,2.25,9.88,116.63,15.34,21.37,17.43,29.56,
Dec-07,,20680,416.655,15818.787,12261.713,1079.519,,13.79,56.49759365,2.39,9.9,,,,,,
Jan-08,,20152,447.746,15740.093,2064.774,140.483,142.161,13.29,57.52495872,2.23,7.58,117.17,16.28,24.54,18.41,-5.6,
Feb-08,,20152,447.746,15740.093,2064.774,140.483,142.161,13.29,57.52495872,2.23,7.58,117.17,16.28,24.54,18.41,-5.6,
May-08,,20246,493.029,16513.076,5709.449,424.615,382.115,14.16,58.92589,2.31,8.22,111.98,21.6,26.09,17.54,1.53,
Aug-08,,20279,540.261,17354.261,9642.99,676.958,616.792,13.89,59.92977171,2.33,7.72,110.67,28.15,27.06,17.86,0.74,
Nov-08,,20463,570.969,17927.169,13119.617,798.496,687.075,12.61,59.95141787,2.25,6.61,109.46,27.61,21.85,16.13,-14.47,
Dec-08,55907.17,21313,509.467,18881.137,14750.79,906.359,,11.77,58.9872951,2.34,6.71,,,,,,
Jan-09,,20163,509.497,18154.001,1795.244,56.705,51.434,9.25,58.64280276,1.7,3.43,112.93,11.56,-12.37,15.6,-59.17,
Feb-09,,20163,509.497,18154.001,1795.244,56.705,51.434,9.25,58.64280276,1.7,3.43,112.93,11.56,-12.37,15.6,-59.17,
May-09,,20250,504.4,19164.338,5180.802,246.683,202.172,10.56,60.5609492,1.85,5.2,110.39,0.19,-10.01,13.69,-41.46,
Jun-09,14452,,,,,,,,,,,,,,,,
Aug-09,,20403,505.55,19903.248,9009.152,504.502,434.243,11.39,60.89215187,1.95,6.16,111.26,-9.42,-7.3,12.99,-25.19,
Nov-09,,20528,531.195,20687.392,13162.118,751.375,640.245,11.65,61.40455984,1.99,6.27,110.59,-9.52,-0.17,14,-4.52,
Dec-09,56528.99,20510,505.731,21574.201,15170.055,928.703,,,60.30298411,,,,,,,,
Jan-10,,19978,541.36,21318.845,2649.865,178.03,171.044,13.25,60.99745085,2.09,7.58,109.9,9.44,45.87,15.48,213.6,
Feb-10,,19978,541.36,21318.845,2649.865,178.03,171.044,13.25,60.99745085,2.09,7.58,109.9,9.44,45.87,15.48,213.6,
May-10,,19912,560.937,22289.038,7355.824,524.378,485.18,13.75,61.69599603,2.11,7.99,113.78,17.11,42.75,16.31,118.9,
Jun-10,22400,,,,,,,,,,,,,,,,
Aug-10,,20021,568.451,23040.375,12121.193,842.262,755.964,13.64,61.09729551,2.1,7.75,114.43,17.98,34.72,14.92,67.53,
Nov-10,,20179,595.327,24068.141,17143.73,1192.413,1093.393,13.69,61.09938445,2.24,7.77,115.53,18.33,30.65,15.2,59.07,
Dec-10,68811.31,20253,610.971,24775.986,19433.968,1473.765,,,60.3132727,,,,,,,,
Jan-11,,16036,637.945,24318.446,3252.191,223.977,213.699,,61.09184773,,,,22.26,24.67,15.94,24.96,
Feb-11,,16036,637.945,24318.446,3252.191,223.977,213.699,,61.09184773,,,,22.26,24.67,15.94,24.96,
Mar-11,,16209,659.064,24936.22,5179.274,364.793,348.203,,61.12125254,,,,23.8,24.56,15.72,24.64,
Apr-11,,16242,675.153,25446.474,7048.212,502.935,462.148,,61.23618541,,,,24.69,23.27,15.95,21.52,
May-11,,16291,687.181,25667.882,8956.627,633.363,594.271,,61.52264141,,,,22.28,22.87,15.4,19.56,
Jun-11,26200,16282,680.415,25887.83,10965.815,778.432,746.949,,61.25469767,,,,19.72,22.74,15.92,20.15,
Jul-11,,16277,688.347,25996.5,12834.508,895.205,841.74,,61.43371223,,,,22.05,23.2,15.76,20.38,
Aug-11,,16333,697.194,26350.751,14808.069,1017.534,941.871,,61.51923716,,,,22.84,23.23,15.54,20.6,
Sep-11,44570,16333,707.36,26612.074,16786.184,1149.088,1052.908,,61.61546823,,,,26.38,22.82,15.26,19.83,
Oct-11,,16340,724.846,26857.61,18670.824,1251.89,1159.055,,61.49989146,,,,26.55,22.43,14.67,16.6,
Nov-11,,16415,738.202,27341.185,20632.834,1354.334,1238.309,,61.54050748,,,,24.9,21.39,14.49,13.51,
Dec-11,74654.04,17052,746.02,28167.387,22890.013,1645.757,1311.726,,61.16645112,,,,17.83,20.38,13.81,15.02,
Jan-12,,16625,753.91,28388.43,3525.47,179.06,170.86,12.76,59.7210589,1.98,5.66,118.07,16,7.5,14.4,-19.7,
Feb-12,,16625,753.91,28388.43,3525.47,179.06,170.86,12.76,59.7210589,1.98,5.66,118.07,16,7.5,14.4,-19.7,
Mar-12,,16600,762.59,28305,5616.37,317.24,298.47,13.21,61.2818548,2.04,6.29,111.11,14.4,7.6,11.7,-12.5,
Apr-12,,17089,786.25,28784.24,7595.71,457.76,415.92,13.26,61.52810357,2.02,6.71,110.28,13.9,6.8,10.8,-9.9,
May-12,,17078,795.52,29043.58,9602.16,560.09,511.93,13.02,61.43491952,2.03,6.47,111.19,14.2,6.9,11,-10.8,
Jun-12,,17064,787.04,29072.3,11655.82,690.46,639.73,13.03,61.50456964,2.05,6.57,109.6,14,6.5,10.5,-10.9,
Jul-12,,17064,788.85,29208.36,13552.64,784.65,705.17,12.86,61.56202539,2.04,6.4,109.18,14.3,5.5,10.3,-12.2,
Aug-12,,17171,799.22,29568.84,15541.33,883.93,804.27,12.72,61.63266127,2.01,6.29,109.49,13.7,5.1,10.1,-12.7,
Sep-12,,17171,796.79,29872.39,17623.25,1006.99,907.31,12.79,61.57146449,2,6.31,109.76,12.5,5.2,10,-11.8,
Oct-12,,17171,795.44,30118.8,19643.85,1127,1031.52,12.77,61.86077467,1.99,6.34,109.1,9,5.3,10,-9.2,
Nov-12,,17341,800.67,30530.49,21791.55,1258.54,1146.21,12.76,61.72142668,1.98,6.38,109.43,8.3,6,9.8,-6.2,
Dec-12,87803.53,17851,801.087,31209.437,24507.597,1517.599,1236.37,12.9,61.3115738,2.11,6.44,109.28,6.4,6.3,9.3,-5.1,
Jan-13,,17426,799.93,30864.63,3746.03,212.54,212.37,25.54,61.33036424,1.94,6.39,103.02,5.5,6.3,6.9,18.9,
Feb-13,,17426,799.93,30864.63,3746.03,212.54,212.37,25.54,61.33036424,1.94,6.39,103.02,5.5,6.3,6.9,18.9,
Mar-13,,17502,840.48,31287.31,5877.01,341.22,321.61,25.51,61.55078848,1.97,6.48,108.65,9.3,4.9,8.7,7.6,
Apr-13,,17519,850.16,31609.12,7919.79,456.46,426.03,24.77,61.65814803,1.96,6.41,109.22,8.1,4.8,8.8,2.7,
May-13,,17533,853.44,31908.07,9991.1,576.39,524.81,24.38,61.7670138,1.96,6.39,108.96,7.5,4.6,9,3.3,2.2
Jun-13,,17911,850.42,32235.24,12290.24,728.77,642.67,24.74,61.51820492,2.03,6.56,108.87,7.3,5.1,8.9,4.8,1
Jul-13,,17958,842.34,32433.9,14340.44,833.19,728.51,24.33,61.56627788,2.03,6.42,109.33,5.8,5.4,9.1,5.5,2.7
Aug-13,,17992,836.64,32912.94,16518.44,962.64,840.71,24.14,61.83728041,2,6.44,109.09,3.7,5.8,9.3,8,4.1
Sep-13,,18024,829.16,33293.43,18751.84,1112.12,954.13,24.25,62.08096012,1.99,6.55,108.93,2.7,6,9.2,9.4,6.4
Oct-13,,18025,838.01,33627.79,20937.52,1238.61,1063.13,24.04,61.92563948,1.97,6.53,109.3,4,6.2,9.2,9.1,4.2
Nov-13,,18023,852.759,34095.213,23249.763,1377.99,1162.53,23.87,62.11932743,1.95,6.53,108.79,5.3,6.28,9.41,8.41,3.6
Dec-13,107843.71,18574,845.842,34398.588,25781.687,1591.768,1238.52,23.86,62.27888482,2.06,6.46,107.79,3.7,6.1,9.6,6.4,-0.2
Jan-14,,17869,856.755,33026.018,3827.617,216.874,189.27,24.58,61.28180818,1.92,6.35,108.67,9.28,2.19,8.62,-0.22,-4.9
Feb-14,,17869,856.755,33026.018,3827.617,216.874,189.27,24.58,61.28180818,1.92,6.35,108.67,9.28,2.19,8.62,-0.22,-4.9
Mar-14,,18023,871.33,33520.4,5992.52,354.84,303.96,24.62,61.88995358,1.98,6.59,107.68,6.1,2.6,8.8,2.9,-0.7
Apr-14,,17530,880.449,33801.63,8089.655,471.603,397.06,24.02,62.15141104,1.96,6.46,107.35,6.41,3.07,8.87,2.64,-2
May-14,,17548,873.439,34082.268,10199.313,601.285,504.54,12.09,62.37255103,1.96,6.52,106.8,4.99,2.99,8.26,3.4,-0.3
Jun-14,,17578,867.292,34190.18,12474.758,761.345,622.66,12.36,62.18484372,2,6.75,107.03,5.25,3.65,8.47,5.56,2.3
Jul-14,,17690,894.669,34277.693,14478.53,869.15,707.62,12.17,62.06663325,1.99,6.63,107.15,9.6,3.5,8.08,6.26,2.5
Aug-14,,17725,910.162,34638.151,16672.487,1001.741,823.42,12.19,62.07297266,1.99,6.64,107.44,12.47,3.29,7.96,5.27,1.6
Sep-14,,17781,905.451,34895.668,18871.314,1101.654,897.09,12.22,62.04795965,1.98,6.45,107.88,12.81,3.01,7.86,0.19,-3.6
Oct-14,,17835,908.59,35209.889,21020.202,1210.032,983.26,12.12,62.06690967,1.96,6.35,107.02,11.9,2.8,7.42,-1.23,-5.5
Nov-14,,17832,911.627,35508.959,23197.512,1309.671,1063.15,12.02,62.0865568,1.95,6.22,106.91,10.31,2.24,6.88,-3.53,-7.5
Dec-14,123119.86,18808,927.855,37130.884,26269.228,1450.802,1077.75,11.97,61.97861597,2.06,6,107.76,12.19,2.11,6.29,-5.71,-12.3
Jan-15,,18195,910.39,35893.36,3554.22,134.24,,10.3,60.77753657,1.69,4.17,109.3,4.4,-6.6,7.1,-37,
Feb-15,,18195,910.39,35893.36,3554.22,134.24,,10.3,60.77753657,1.69,4.17,109.3,4.4,-6.6,7.1,-37,
Mar-15,,17866,932.33,36246.78,5538.05,249.64,,10.62,61.04023585,1.74,4.97,109.27,6.3,-6.8,6.7,-29.3,
Apr-15,,17881,931.21,36616.21,7443.93,352.53,,10.6,61.28457861,1.73,5.21,109.42,5.2,-7.1,6.8,-24.7,
May-15,,17902,938.67,36899.62,9382.36,460.33,,10.68,61.44038882,1.72,5.4,109.65,6.8,-7.1,6.8,-23,
Jun-15,,17940,940.37,37072.66,11465.15,598.02,,10.85,61.37690147,1.74,5.74,109.36,7.7,-7.1,7,-21.2,
Jul-15,,18207,957.68,37352.2,13387.72,688.21,,10.68,61.35625211,1.74,5.64,108.92,5.5,-7.5,7,-22.1,
Aug-15,,18251,952.95,37611.33,15313.38,756.42,,10.5,61.27151047,1.73,5.41,108.84,4.1,-7.9,6.8,-24.7,
Sep-15,,18303,937.01,37793.33,17297.5,833.96,,10.46,61.2326302,1.73,5.27,108.67,3.1,-8.1,6.6,-24.4,
Oct-15,,18374,933.12,38127.88,19227.28,908.06,,10.34,61.36845269,1.72,5.16,108.63,2.1,-8.3,6.8,-25,
Nov-15,,18374,941.2,38480.78,21314.1,1008.61,,,61.45293832,,,,2.6,-8,6.8,-23,
Dec-15,145667.15,19273,912.814,39740.365,24166.891,1141.672,,,61.93881712,,,,-0.9,-7.8,6.6,-21.9,
Jan-16,,18720,866.61,38051.77,3264.63,117.13,,,61.40174294,,,,-4.8,-8,4.9,-14.5,
Feb-16,,18720,866.61,38051.77,3264.63,117.13,,,61.40174294,,,,-4.8,-8,4.9,-14.5,
Mar-16,,18522,868.95,38378.93,5187.68,235.81,,,61.68679012,,,,-6.8,-5.6,4.7,-5.7,
Apr-16,,18543,869.27,38744.4,6981.71,326.55,,,61.70489155,,,,-6.7,-5.5,4.9,-7.8,
May-16,,18230,871.87,38768.06,8805.49,429.02,,,61.77745288,,,,-6.8,-5.3,4.5,-7.3,
Jun-16,,18431,858.55,38893.17,10853.46,558.04,,,61.70664412,,,,-8.1,-4.6,4.3,-8,
Jul-16,,18468,878.03,38961.54,12685.8,651.26,,,61.56740724,,,,-7.3,-4.1,4.2,-6.1,
Aug-16,,18406,869.82,39236.11,14598.96,746.11,,,61.59033095,,,,-7.8,-3.4,4.5,-2.1,
Sep-16,,18477,866.54,39453.79,16622.57,861.64,,,61.54536738,,,,-6.5,-2.7,4.5,2.6,
Oct-16,,18536,872.93,39915.49,18614.17,957.7,,,61.44602008,,,,-5.3,-1.9,5,4.8,
Nov-16,,18580,889.24,40414.76,20831.14,1097.49,,,61.58957767,,,,-4.2,-0.9,5.3,8.2,
Dec-16,196149.43,19022,930.476,41770.416,23899.023,1232.434,,,61.58315014,,,,2.2,0.3,5.9,6.7,
Jan-17,,18382,886.49,40339.14,3820.81,233.63,,,61.06748929,,,,3.7,17.8,5.8,100.2,
Feb-17,,18382,886.49,40339.14,3820.81,233.63,,,61.06748929,,,,3.7,17.8,5.8,100.2,
Mar-17,24285.71429,18396,918,40801.03,6087,399.63,,,61.0398561,,,,7.1,18,6.1,70.5,
Apr-17,,18402,937.54,41054.52,8121.32,514.86,,,61.20799853,,,,9.5,17,5.9,58.7,
May-17,,18413,931.37,41145.83,10216.89,652.04,,,61.25084851,,,,7.4,16.8,5.8,53.3,
Jun-17,52996.60441,18708,913.88,41335.64,12544.28,805.45,,,61.1628851,,,,5.7,16.2,5.8,45.8,
Jul-17,,18658,918.18,41479.96,14634.04,927.39,,,61.06302899,,,,4.3,16,6.1,44.2,
Aug-17,,18674,912.2,41756.89,16870.79,1084.07,,,60.96510061,,,,4.7,16.2,6.1,46.3,
Sep-17,84177.69376,18710,898.28,42055.74,19148.67,1257.74,,,60.96887131,,,,4.2,16.4,6.4,47.6,
Oct-17,,18742,917.23,42339.24,21276.4,1409.71,,,60.91642174,,,,6.4,16.3,6.1,48.7,
Nov-17,,18777,935.35,42672.56,23434.36,1575.74,,,60.82819967,,,,7.4,15.4,5.7,46.2,
Dec-17,158288.3,19022,970.489,43962.286,26539.301,1721.549,,,60.52867451,,,,6.1,15,5.3,45.1,
Jan-18,,18224,921.33,41913.09,4072.89,291.81,,,59.60534048,,,,6.9,12.1,5.2,29.6,
Feb-18,,18224,921.33,41913.09,4072.89,291.81,,,59.60534048,,,,6.9,12.1,5.2,29.6,
Mar-18,28220,18090,932.73,42031.82,6338.79,476.29,,,59.47199051,,,,5.2,10.5,4.8,23.1,
Apr-18,,18322,920.95,42406.18,8512.82,627.03,,,59.50309601,,,,1.8,11.2,5.2,26.2,
May-18,,18349,934.04,42617.75,10672.05,810.35,,,59.52974993,,,,4.3,11.4,5.5,28.7,
Jun-18,62430,18573,924.48,42872.67,13132.38,1024.87,,,59.55717244,,,,6.1,11.2,5.5,31.5,
Jul-18,,18708,971.87,43315.85,15497.09,1191.32,,,59.39604094,,,,9.4,11.1,5.6,30.5,
Aug-18,,18689,965.59,43587.18,17831.76,1347.3,,,59.25655204,,,,9.4,10.9,5.5,26.7,
Sep-18,89060,18647,943.78,43493.62,20209.73,1529.43,,,58.95740571,,,,8.3,10.2,4.7,23.3,
Oct-18,,18605,972.16,43652.12,22505.2,1672.4,,,59.02391453,,,,8.8,10,4.3,20.6,
Nov-18,,18671,981.69,44259.88,24910.99,1808.7,,,59.06421346,,,,7.1,9.9,4.2,16.1,
Dec-18,143037.3081,19250,958.161,45650.42,29075.393,1928.472,,,58.8116933,,,,4.1,9.2,3.9,12.6,
Jan-19,,18513,912.13,43843.65,4227.5,222.37,,,58.63366759,,,,0.8,0.9,3.4,-24.2,
Feb-19,,18513,912.13,43843.65,4227.5,222.37,,,58.63366759,,,,0.8,0.9,3.4,-24.2,
Mar-19,26430,18530,867.21,44512.43,6780.42,414.62,,,58.6797216,,,,-5.2,4.1,4.4,-13.4,
Apr-19,,18533,892.69,44898.45,9068.97,570.43,,,58.38531174,,,,-1.5,3.4,4.5,-9.7,
May-19,,18548,909.43,45094.43,11411.27,734.23,,,58.32926594,,,,-1.7,3.3,4.4,-9.7,
Jun-19,57410,18564,874.37,45313.88,13935.55,936.88,,,58.49909564,,,,-3.8,3.3,4.8,-8.7,
Jul-19,,18592,883.92,45308.75,16280.72,1083.74,,,58.33292686,,,,-6.3,3.3,4.3,-8.1,
Aug-19,,18983,895.34,45575.41,18734.44,1214.15,,,58.40675926,,,,-4.1,3.3,4.3,-8.6,
Sep-19,87020,19028,862.46,45958.93,21291.69,1389.27,,,58.3623248,,,,-5.7,3.6,5.3,-9.6,
Oct-19,,19071,869.16,46073.3,23644.26,1471.55,,,58.26506892,,,,-7.2,3.5,5.2,-12.1,
Nov-19,,19138,886.16,46479.19,26106.29,1603.66,,,58.39288507,,,,-6.3,3.5,5.3,-11.2,
Dec-19,136907.56,20683,889.276,46967.985,28770.765,1606.779,,,57.82726468,,,,-1,3.7,5.3,-12,
Jan-20,,19558,898.47,45343.1,3625.27,146.54,,,57.60098008,,,,3.1,-11.5,4.9,-32.9,
Feb-20,,19558,898.47,45343.1,3625.27,146.54,,,57.60098008,,,,3.1,-11.5,4.9,-32.9,
Mar-20,25680,19561,896.19,45655.2,5758.57,222.67,,,57.73541678,,,,9.2,-12.2,4.6,-45.5,
Apr-20,,19592,868.29,45803.45,7885.6,304.63,,,57.86817369,,,,2.9,-9.7,4.1,-46,
May-20,,19635,857.09,46109.59,10093.76,440.42,,,58.03603979,,,,-0.3,-8.1,4.3,-39.3,
Jun-20,54900,19676,839.99,46460.24,12581.07,661.41,,,57.98258898,,,,1.3,-5.9,4.7,-28.5,
Jul-20,,20360,839.54,46553.84,14788.4,783.81,,,57.47386252,,,,2,-4.7,5.1,-23.5,
Aug-20,,20339,850.28,46817.05,17180.45,950.94,,,57.56528871,,,,2.7,-3.6,5.3,-17,
Sep-20,100710,20444,839.47,47118.76,19813.18,1130.31,,,57.41742779,,,,3.4,-2.7,4.8,-14.3,
Oct-20,,20542,849.23,47590.17,22161.13,1294.26,,,57.38758655,,,,2.9,-2,5.3,-7.5,
Nov-20,,20645,861.54,47937.93,24691.82,1445.69,,,57.7816564,,,,3,-1.5,5.1,-4.9,
Dec-20,132940,20647,852.88,47607.82,27608.48,1486.08,,,57.26336556,,,,3.2,-0.9,4.8,-2.9,